Product_ID,Base_Price,Competitor_Price,Customer_Rating,Demand_Elasticity,Seasonality,Marketing_Spend,Sales_Volume
1,49.96,50.85,4.9,-1.22,High,5003.67,3769
2,96.06,89.38,2.3,-0.39,High,5401.44,3060
3,78.56,80.46,2.9,-0.2,Low,4164.85,2602
4,67.89,70.94,1.8,-1.59,High,9185.94,3290
5,32.48,35.28,3.4,-1.87,Low,6120.6,3156
6,32.48,37.88,2.1,-0.25,Medium,7859.57,2180
7,24.65,28.82,1.8,-1.22,Low,8306.26,2406
8,89.29,91.59,3.1,-0.92,Low,4076.64,3192
9,68.09,67.74,1.0,-0.06,Low,4903.25,2182
10,76.65,68.35,1.0,-1.87,Medium,8636.25,3687
11,21.65,23.8,1.9,-0.7,High,4269.3,2618
12,97.59,98.63,1.1,-1.85,Medium,8145.42,3923
13,86.6,87.96,1.4,-1.25,High,9468.93,3265
14,36.99,30.61,2.4,-0.39,Low,6608.89,2648
15,34.55,29.14,4.2,-1.13,Low,7674.65,2931
16,34.67,39.94,3.3,-0.01,Low,8245.88,2855
17,44.34,44.14,3.1,-0.88,Low,8605.36,3267
18,61.98,65.39,2.2,-1.36,Low,4555.48,3157
19,54.56,54.7,4.7,-1.56,High,1461.37,3711
20,43.3,43.45,2.6,-1.3,High,4616.89,3331
21,68.95,73.64,1.3,-1.25,Low,7063.81,3097
22,31.16,28.58,3.5,-1.86,Medium,5053.15,3397
23,43.37,43.85,1.5,-1.26,Medium,7740.67,2828
24,49.31,47.0,2.4,-1.07,Low,4212.84,3318
25,56.49,54.32,3.0,-0.55,High,6712.7,3008
26,82.81,81.26,4.5,-0.69,Medium,2677.78,3580
27,35.97,37.08,3.0,-0.58,Medium,7744.32,2921
28,61.14,58.75,3.8,-1.98,Medium,5911.26,3859
29,67.39,73.67,5.0,-1.56,Low,2836.58,3958
30,23.72,19.25,1.5,-0.68,Medium,3627.2,2615
31,68.6,67.67,2.1,-1.03,Medium,7737.48,3151
32,33.64,31.44,2.6,-1.99,Medium,5343.41,2953
33,25.2,32.43,2.7,-0.39,Medium,2944.28,3012
34,95.91,96.89,2.6,-0.45,High,9705.44,3147
35,97.25,102.41,4.6,-0.9,Low,7436.13,3802
36,84.67,77.24,3.9,-1.87,Low,9614.21,4308
37,44.37,45.71,3.4,-0.47,High,4843.95,2928
38,27.81,32.26,2.2,-0.83,High,5275.9,2774
39,74.74,75.15,4.3,-0.44,Low,9081.6,2782
40,55.21,60.54,4.8,-0.5,Medium,5725.44,3658
41,29.76,27.17,4.3,-0.39,Medium,7365.51,2818
42,59.61,66.66,1.0,-0.96,Low,3269.56,2771
43,22.75,34.24,3.5,-1.72,Medium,5020.54,3098
44,92.75,90.94,1.2,-0.66,High,2111.05,3251
45,40.7,38.47,2.0,-0.76,Medium,2853.82,2691
46,73.0,80.27,1.2,-0.52,Medium,1008.49,2937
47,44.94,52.84,3.4,-1.66,Medium,1353.39,3507
48,61.61,59.0,3.7,-1.61,Low,9795.55,3539
49,63.74,61.64,1.5,-0.22,High,3181.18,2467
50,34.79,33.38,2.5,-0.5,Medium,6969.8,2650
51,97.57,90.85,2.8,-0.18,Low,8551.9,2518
52,82.01,77.42,2.5,-0.48,Medium,5955.94,2965
53,95.16,90.14,1.5,-0.81,High,2378.3,3075
54,91.59,87.75,2.7,-0.69,Medium,7553.05,3283
55,67.83,67.66,4.0,-0.22,High,6402.26,2987
56,93.75,94.92,1.3,-0.84,Medium,7581.26,2917
57,27.08,34.83,1.3,-0.74,High,7927.72,2614
58,35.68,30.69,2.4,-1.69,Medium,9778.69,2958
59,23.62,28.54,4.8,-1.05,High,6162.07,2588
60,46.03,44.96,3.7,-0.57,Medium,4074.77,3028
61,51.09,50.84,3.7,-1.46,Medium,6836.18,3375
62,41.71,45.08,2.4,-1.6,Low,1615.97,3223
63,86.3,80.69,3.4,-1.37,Low,9076.58,4262
64,48.54,50.45,1.0,-1.52,High,2074.43,3343
65,42.47,43.3,3.5,-1.57,Medium,3950.59,3333
66,63.42,65.88,4.7,-1.15,High,8341.71,3504
67,31.27,32.72,3.5,-0.18,Low,6375.81,2873
68,84.18,96.46,4.5,-0.99,High,4542.72,3659
69,25.96,22.77,3.9,-1.62,High,5260.92,3278
70,98.95,96.3,1.5,-1.85,Low,8690.93,3998
71,81.78,78.66,4.6,-0.61,Medium,4060.04,3468
72,35.9,33.12,1.3,-1.23,High,8826.85,2539
73,20.44,17.25,3.1,-0.36,Low,1793.21,2930
74,85.24,91.19,1.6,-0.68,Medium,7991.19,2781
75,76.55,83.65,1.0,-0.41,Low,8627.93,2646
76,78.32,75.47,2.7,-1.46,High,2636.36,3430
77,81.7,77.54,2.2,-0.62,Medium,4873.12,3102
78,25.92,28.28,2.9,-1.47,Medium,2489.5,2767
79,48.68,45.92,3.3,-0.12,Low,7359.44,2770
80,29.27,32.43,1.2,-0.73,Low,5818.13,2658
81,89.05,90.06,1.5,-1.35,Low,6717.91,3462
82,69.86,62.28,3.2,-1.46,Medium,2768.38,3454
83,46.47,54.21,2.4,-1.62,Medium,2905.71,3332
84,25.08,34.06,3.9,-0.61,High,1373.48,2764
85,44.88,41.82,3.6,-1.56,Medium,3898.61,3339
86,46.01,44.07,4.4,-0.81,High,6037.7,3305
87,78.37,79.8,3.8,-1.47,Low,8721.41,4184
88,71.0,72.67,2.7,-0.68,Low,7002.35,3028
89,90.98,94.27,3.7,-0.37,Medium,4918.57,3081
90,57.78,67.83,2.1,-0.44,Low,9578.08,2821
91,29.57,28.69,2.2,-0.48,Low,7473.21,2592
92,77.06,73.07,4.2,-1.62,Medium,9371.49,4215
93,80.86,73.96,2.8,-1.82,High,5748.29,4247
94,64.9,61.25,4.2,-0.6,Medium,3330.14,3163
95,81.68,81.51,4.3,-1.26,High,1475.44,3234
96,59.5,68.47,4.4,-1.14,Medium,7534.76,3394
97,61.82,59.23,4.7,-1.94,Medium,2091.73,4381
98,54.2,55.32,2.7,-1.48,Low,3724.98,3335
99,22.03,21.95,2.3,-1.93,Medium,5792.24,2817
100,28.63,34.57,3.3,-0.24,Medium,6079.75,2962
101,22.51,35.14,2.5,-1.51,High,6405.25,2819
102,70.91,68.26,3.4,-0.89,Low,2496.3,2892
103,45.15,42.7,3.8,-1.92,High,4417.64,3325
104,60.69,65.91,3.8,-0.67,High,6554.75,3250
105,92.61,96.02,2.5,-1.35,Low,9728.37,3736
106,39.94,49.17,1.7,-0.2,Low,7548.68,2710
107,52.83,55.75,2.7,-0.22,Low,9303.43,2509
108,80.44,78.64,1.6,-1.35,Medium,7859.91,3344
109,38.3,41.25,4.6,-0.2,Low,6325.45,2819
110,26.16,31.7,2.4,-0.01,Low,2728.21,2378
111,43.18,47.28,1.6,-0.35,Low,7000.17,2092
112,32.9,35.44,1.1,-0.31,High,6610.42,2244
113,94.38,99.71,3.6,-1.5,High,6422.22,4125
114,84.65,90.5,3.5,-0.85,Medium,5408.07,3392
115,70.67,77.58,2.4,-1.87,High,5757.91,4231
116,89.72,92.96,1.3,-1.81,Medium,4009.98,4250
117,84.29,83.45,2.6,-0.0,High,5673.81,2369
118,34.93,35.66,2.2,-1.35,Low,2778.0,2502
119,91.4,97.43,3.7,-0.5,High,8246.57,3177
120,63.15,59.07,3.4,-0.39,Medium,2671.99,3001
121,84.6,86.44,2.5,-0.28,High,1764.7,2564
122,91.69,89.72,1.9,-0.0,Low,4926.21,2217
123,45.44,45.58,5.0,-1.52,Medium,6924.77,4007
124,28.8,35.19,2.8,-1.92,Low,4939.45,3061
125,38.23,39.19,3.8,-1.18,Low,3490.79,3343
126,54.17,54.4,1.6,-1.74,Medium,6023.54,3076
127,85.44,78.64,2.9,-1.96,Low,4123.02,4243
128,88.86,92.59,1.1,-1.28,Low,9395.81,3290
129,20.56,23.79,3.0,-0.43,High,9303.81,2553
130,60.86,71.68,4.9,-0.87,Low,5521.35,3740
131,53.39,51.85,2.5,-1.37,Low,3950.96,2953
132,37.77,38.87,1.2,-0.69,Low,7634.19,2560
133,29.59,30.84,1.1,-1.54,Low,1330.42,2604
134,47.01,54.9,2.6,-1.97,Medium,5272.92,3529
135,95.43,94.95,1.6,-0.47,High,4026.91,2700
136,45.86,47.26,1.1,-0.75,Low,9284.82,2737
137,61.5,64.54,4.0,-0.48,Low,1108.03,2907
138,76.24,77.17,2.8,-1.92,Medium,5975.33,4255
139,49.09,46.86,2.2,-0.33,Low,7665.97,2596
140,97.74,98.71,4.6,-0.76,Medium,5365.16,3397
141,97.0,102.37,1.5,-0.87,High,1768.63,3279
142,40.14,35.01,4.8,-0.75,High,9752.15,3221
143,59.78,60.44,2.3,-0.27,Low,5662.09,2279
144,44.07,40.57,4.6,-0.83,Low,6527.68,3352
145,42.79,48.77,3.4,-0.84,Low,3129.49,3240
146,22.95,15.33,4.3,-0.02,Medium,5351.48,3121
147,68.77,65.98,4.9,-0.49,Low,4862.35,3241
148,60.21,62.1,2.2,-1.12,Low,1674.06,3143
149,24.12,31.95,4.8,-0.59,High,1955.44,3112
150,42.29,41.96,2.6,-1.22,Low,8537.25,3333
151,92.66,89.88,2.5,-1.54,High,3158.38,3764
152,39.16,48.57,2.4,-0.81,Low,2754.62,2704
153,31.59,24.35,3.2,-0.14,High,5544.2,2517
154,59.16,48.17,1.6,-0.14,Low,7918.72,2112
155,98.85,101.05,3.2,-1.32,High,1557.52,3994
156,39.36,36.85,3.2,-0.94,Medium,6191.27,3330
157,73.77,68.66,4.0,-1.58,High,2072.89,3925
158,80.93,84.47,4.3,-0.01,High,1328.15,2691
159,39.01,40.23,2.8,-0.04,High,1474.7,2612
160,78.26,75.44,2.2,-0.7,Low,8507.48,3105
161,49.42,43.02,2.0,-0.39,Low,2061.75,2561
162,70.58,74.94,1.8,-0.57,Low,1406.36,3043
163,70.68,73.93,1.2,-0.81,Medium,4941.1,2650
164,62.86,62.36,2.4,-1.89,Medium,8595.94,3610
165,27.22,36.45,2.1,-1.09,High,3361.68,2775
166,86.82,81.47,4.9,-0.65,Medium,4795.41,3622
167,45.66,38.03,3.2,-0.64,High,1359.3,2941
168,34.92,31.46,2.4,-1.25,High,5041.71,2660
169,23.26,23.03,3.3,-0.12,High,6198.52,3155
170,67.27,68.49,1.6,-1.67,Medium,6138.16,3396
171,74.21,73.0,2.8,-1.0,Low,3991.84,3324
172,21.33,23.09,3.5,-0.62,Medium,3839.8,2955
173,60.97,54.71,3.0,-0.61,High,1959.61,2844
174,38.12,45.34,2.6,-0.7,High,4301.18,2798
175,71.61,71.2,5.0,-1.45,Medium,1895.45,3902
176,33.95,39.54,4.5,-1.69,High,7899.36,3556
177,75.28,76.99,3.5,-0.73,High,9696.47,3194
178,50.94,53.22,3.3,-0.8,Medium,9730.67,3121
179,94.94,97.79,3.5,-1.64,Medium,8785.64,4047
180,31.0,33.24,1.8,-0.59,Medium,6407.13,2377
181,47.29,50.5,2.6,-1.09,High,7307.79,2762
182,29.08,35.73,1.2,-0.66,High,3566.85,2289
183,93.98,94.96,2.9,-0.33,Low,6676.93,2375
184,90.19,93.74,3.2,-1.66,Low,5100.85,4075
185,40.64,40.19,1.9,-1.96,Medium,5338.16,3069
186,72.8,80.0,4.9,-0.44,Low,7819.99,3330
187,85.38,82.0,4.6,-0.78,High,3537.27,3594
188,64.42,73.42,3.9,-0.6,Low,3862.36,3417
189,62.37,62.17,3.1,-0.32,High,9321.78,3338
190,39.35,32.2,4.5,-0.39,Medium,1506.02,3280
191,27.45,28.09,1.5,-0.08,Medium,5370.71,2231
192,91.78,88.37,4.2,-0.93,High,9215.21,3594
193,92.03,96.23,1.5,-1.02,Low,6493.27,3412
194,70.65,67.39,4.2,-1.2,Medium,5917.66,3351
195,47.12,44.89,2.1,-1.69,Medium,3247.7,3153
196,47.94,38.49,4.5,-0.85,Low,4089.48,3259
197,78.08,75.82,4.8,-1.45,Low,8668.44,4208
198,91.77,79.65,1.6,-0.16,High,6032.96,2589
199,90.97,83.05,2.9,-0.83,Low,5632.68,3186
200,82.39,86.19,4.9,-0.81,Low,1896.22,3564
201,71.36,75.29,2.9,-1.29,Low,1144.25,3589
202,26.73,28.86,4.5,-1.9,High,9673.17,3248
203,32.93,28.1,3.4,-1.94,High,4392.88,3560
204,91.88,91.64,2.5,-1.15,Medium,6428.92,3678
205,68.51,68.49,2.1,-1.83,High,1717.44,3708
206,20.74,14.95,1.8,-0.79,Medium,7148.03,2602
207,28.12,35.64,4.0,-0.24,Low,9393.1,2774
208,73.08,77.47,2.5,-0.23,Medium,6180.99,2542
209,20.4,19.3,3.0,-0.68,Medium,2135.04,2653
210,32.86,32.99,3.0,-1.58,Low,6235.49,3219
211,63.9,64.94,3.3,-0.27,Medium,7897.12,2872
212,75.35,65.14,4.5,-0.23,High,4657.75,2988
213,72.16,70.92,4.9,-1.61,High,8918.54,4291
214,37.94,34.53,2.6,-0.53,High,6838.15,2686
215,76.97,71.96,4.3,-1.43,High,9093.24,3822
216,38.98,37.57,4.1,-0.39,Medium,6611.55,3022
217,46.03,55.02,3.3,-0.01,Medium,2181.59,2461
218,79.72,82.92,4.8,-1.94,Low,3787.23,4169
219,71.97,69.11,1.8,-0.21,Medium,2816.15,2510
220,87.94,90.8,1.4,-0.75,Medium,9179.44,2808
221,72.61,79.61,4.4,-0.05,Medium,7843.6,2865
222,65.46,70.08,2.8,-1.07,Low,7087.59,3067
223,27.49,27.79,4.4,-0.31,High,3708.7,3207
224,49.42,46.19,4.6,-1.88,Medium,2656.4,3716
225,41.22,44.71,1.2,-1.33,Low,7808.06,2701
226,39.52,41.49,4.5,-1.87,Low,5267.42,3714
227,97.84,102.32,2.8,-0.05,Low,3032.11,2333
228,51.45,54.63,3.0,-0.37,High,6549.6,2500
229,91.36,96.61,3.5,-0.29,Medium,1363.0,3041
230,70.49,67.81,4.7,-0.12,Low,3935.53,2935
231,83.58,90.17,1.1,-1.83,High,5217.01,3569
232,60.21,61.2,2.9,-1.23,Low,2331.63,3441
233,66.15,76.53,3.8,-1.86,Low,9861.89,3828
234,59.4,55.95,3.9,-1.58,Low,2881.88,3663
235,35.62,44.3,3.8,-1.54,Low,2173.18,3129
236,77.8,78.79,1.5,-1.06,Low,2831.81,3185
237,42.46,39.2,2.2,-1.46,High,7921.55,3326
238,21.95,19.53,2.4,-1.8,Medium,4829.55,2502
239,71.64,70.04,4.2,-1.67,Medium,6088.74,4058
240,34.17,36.29,2.1,-1.71,Medium,1189.08,3175
241,95.24,97.85,1.8,-0.05,Medium,1309.88,2323
242,96.31,93.44,4.8,-0.48,High,5012.43,3196
243,93.19,93.07,1.0,-0.06,High,8349.9,2340
244,49.61,60.32,5.0,-1.12,High,8967.15,3755
245,21.24,29.88,3.7,-1.44,Low,1780.36,3223
246,94.27,96.45,4.3,-0.4,Low,5845.27,3310
247,54.25,54.44,2.2,-1.35,Low,9219.07,3191
248,97.33,97.93,1.1,-1.4,Medium,4491.75,3402
249,97.09,100.16,4.0,-1.53,Low,8466.09,4458
250,88.24,83.13,4.3,-1.74,Medium,2203.26,4557
251,43.56,42.27,4.0,-1.49,Low,9418.55,3221
252,50.81,42.47,1.6,-1.29,Medium,7762.81,3048
253,88.09,90.09,4.0,-0.65,Low,9472.01,3503
254,45.35,48.59,4.1,-1.87,Low,7089.56,3844
255,33.56,31.14,3.6,-1.58,High,4270.64,3235
256,64.54,72.41,4.1,-0.38,Low,9443.63,2893
257,94.89,88.76,4.4,-1.71,Low,3480.1,4402
258,75.68,68.36,3.5,-1.31,High,3989.55,3489
259,65.6,66.72,1.4,-0.27,Medium,7307.28,2446
260,27.77,33.01,3.0,-1.69,High,7887.85,3019
261,69.2,77.62,1.3,-1.83,High,9364.63,3955
262,99.2,96.91,2.6,-1.03,Medium,2843.22,3720
263,31.21,36.6,2.6,-1.4,Low,8181.98,3150
264,61.47,61.28,1.3,-0.87,Medium,7646.91,2889
265,90.19,89.33,2.4,-0.39,Low,1574.15,2758
266,79.26,83.68,1.4,-1.73,Low,4485.01,3596
267,75.76,79.02,4.2,-0.84,Medium,3544.89,3439
268,76.2,68.32,4.8,-0.99,High,3740.41,3752
269,48.76,56.14,1.3,-1.71,Medium,9846.52,3171
270,43.49,50.39,4.8,-0.75,Low,6785.0,3286
271,84.75,81.62,3.1,-1.45,Medium,7459.09,3790
272,84.81,86.79,2.2,-1.02,Medium,9789.56,3186
273,89.37,91.84,1.3,-1.84,Low,4394.82,3625
274,93.06,94.36,3.0,-1.08,High,8216.56,3861
275,60.91,58.16,4.2,-1.39,Medium,4910.78,4127
276,60.12,56.76,3.8,-0.36,Low,8825.8,3216
277,83.86,83.73,1.2,-1.89,Low,2625.92,3573
278,72.0,77.86,1.3,-1.16,Medium,9529.18,3252
279,76.16,78.88,2.6,-1.08,High,2968.95,3547
280,83.66,81.81,2.2,-0.55,Medium,3935.98,2819
281,91.2,95.06,1.9,-0.85,High,7805.73,3252
282,47.04,32.8,2.1,-0.67,High,4543.8,2643
283,50.05,55.79,4.2,-0.45,High,6473.9,3371
284,27.52,18.82,4.7,-0.28,High,5001.16,3090
285,66.26,64.45,2.6,-1.37,Medium,7681.33,3244
286,22.88,17.28,4.6,-0.92,Low,3054.98,3264
287,57.25,50.78,2.3,-0.32,Low,1526.12,2854
288,63.41,69.21,2.9,-0.02,Low,3699.36,2632
289,42.92,40.58,1.9,-0.22,Low,5268.78,2570
290,67.27,69.0,3.6,-1.26,Low,2512.18,3553
291,22.44,22.21,4.9,-1.61,Low,4193.18,3114
292,22.99,25.38,3.4,-1.02,Medium,4599.85,2884
293,85.81,86.19,2.4,-0.52,High,1516.53,3030
294,48.82,42.41,3.6,-1.01,Low,6249.77,3187
295,30.16,35.14,1.5,-1.03,Medium,8959.09,2770
296,61.78,59.31,4.6,-0.32,Low,2365.69,3039
297,81.6,73.82,3.0,-1.28,Low,6380.27,3579
298,37.27,35.13,2.8,-0.28,High,6982.65,2830
299,69.83,77.33,3.3,-1.19,High,4774.01,3535
300,26.83,31.08,3.5,-1.34,High,7309.88,2977
301,24.13,22.39,1.3,-1.09,Low,4696.58,2729
302,62.51,60.76,3.7,-0.48,Low,5541.74,2902
303,63.25,61.64,2.0,-1.75,Low,1066.18,3361
304,70.99,81.37,3.9,-1.61,High,7225.48,3357
305,78.09,80.0,4.3,-0.1,Medium,6952.08,2827
306,98.07,100.22,4.2,-1.65,Low,1345.61,4719
307,61.3,66.45,3.2,-0.86,Low,4314.25,2752
308,45.84,47.03,3.1,-0.84,Low,9811.29,2814
309,83.61,82.31,1.6,-1.02,Medium,4786.63,3260
310,41.67,40.69,4.1,-0.71,Low,5517.51,2666
311,55.12,54.76,2.1,-1.54,Medium,9189.37,3166
312,26.28,26.09,3.0,-0.89,Low,7455.36,3062
313,22.03,25.67,2.1,-1.26,Medium,6238.63,3106
314,97.01,97.27,1.5,-0.68,Low,8180.24,3017
315,86.88,90.54,3.5,-1.72,High,8779.3,4009
316,75.68,75.28,1.2,-0.86,High,5111.99,2698
317,52.72,53.11,4.0,-1.63,High,5275.98,3688
318,33.86,23.87,2.3,-1.44,High,4474.46,3003
319,32.51,37.09,1.0,-1.56,Low,9700.36,3078
320,40.02,41.75,3.0,-1.63,High,7274.5,3446
321,63.94,68.93,1.2,-0.35,Medium,1749.01,2480
322,77.17,62.69,2.1,-1.43,High,8766.64,3456
323,72.82,83.26,3.8,-0.15,High,5325.04,3472
324,42.39,41.69,1.3,-0.06,High,1618.79,2410
325,96.39,101.93,4.4,-0.86,Low,5947.46,3575
326,79.03,73.83,1.0,-1.71,High,4754.48,3506
327,64.35,67.41,2.0,-1.25,Medium,8899.74,3028
328,68.94,63.67,4.0,-0.4,High,2835.95,2594
329,53.57,50.45,2.3,-1.27,High,8438.18,3202
330,39.82,49.39,1.4,-1.83,High,6019.2,3365
331,48.48,47.53,2.4,-0.89,Medium,1491.49,2585
332,80.63,81.72,2.1,-0.31,High,9746.61,2681
333,21.15,25.5,4.4,-0.41,Medium,5613.54,2825
334,29.29,31.77,2.3,-1.65,Medium,3617.89,3047
335,23.68,24.43,4.2,-0.65,High,5224.66,2959
336,23.26,25.08,4.6,-1.56,Medium,8720.72,3010
337,88.44,100.46,2.7,-1.56,Low,3744.13,3723
338,76.29,76.0,4.6,-0.25,High,2734.09,2944
339,57.93,58.94,2.5,-1.5,High,2161.64,3637
340,27.83,33.08,4.9,-1.47,Medium,3680.73,3647
341,59.33,64.86,1.4,-2.0,Medium,8020.43,3404
342,57.88,63.82,3.7,-0.26,High,5244.64,3136
343,33.86,37.05,3.0,-0.41,Low,3047.33,2704
344,54.71,48.99,2.6,-0.75,Medium,2495.66,2864
345,51.88,60.05,3.5,-0.5,Medium,3994.57,2970
346,69.27,63.54,3.8,-1.7,Low,9459.32,3994
347,70.81,72.32,1.0,-1.08,Low,4087.24,2853
348,23.62,19.85,1.7,-1.3,High,9893.12,2651
349,49.97,49.65,3.9,-1.81,Low,5367.07,3841
350,70.07,71.71,3.7,-1.03,High,2612.48,3487
351,60.25,61.86,4.9,-0.16,Low,9020.26,3084
352,88.52,90.63,4.0,-1.92,Medium,5143.2,4598
353,72.7,80.77,4.8,-1.42,High,7387.04,4125
354,33.03,35.3,3.8,-1.58,High,9853.4,3269
355,25.65,24.43,2.2,-1.52,High,1451.58,2735
356,71.39,76.21,1.4,-0.18,Low,1870.25,2446
357,22.12,28.07,4.1,-1.06,Medium,7484.11,2735
358,66.86,60.72,3.6,-1.07,High,3536.43,3393
359,95.22,98.21,1.2,-0.48,High,2658.71,2202
360,66.04,69.55,2.4,-1.69,High,1354.26,3260
361,51.05,49.56,4.8,-1.03,High,1196.62,3120
362,71.46,78.34,3.0,-1.14,Medium,7970.37,3624
363,56.66,55.91,2.7,-0.81,Low,2209.9,3001
364,63.65,64.28,2.8,-0.0,Medium,5209.49,2307
365,95.32,94.45,1.8,-0.46,High,6453.07,2896
366,50.89,50.97,2.5,-1.2,Medium,4855.17,3308
367,96.9,91.42,2.5,-0.34,High,1243.96,2931
368,92.43,85.23,1.2,-1.66,Low,8051.51,3736
369,35.66,43.63,4.1,-1.94,Low,1094.62,3558
370,25.55,21.32,2.7,-1.59,Low,7857.01,3126
371,28.06,23.1,4.3,-1.32,High,9039.74,3136
372,21.46,10.69,4.4,-0.98,Medium,4895.56,3096
373,27.56,24.37,1.8,-0.77,Low,5819.88,2520
374,74.64,68.02,3.6,-0.18,High,5292.85,2531
375,25.7,33.91,2.9,-0.98,High,4502.88,3015
376,45.52,50.57,4.5,-1.0,Medium,8986.82,3766
377,87.59,84.15,1.9,-1.9,Low,9045.4,3869
378,21.86,33.12,3.7,-1.93,High,4022.35,3354
379,85.16,90.07,3.4,-0.9,Medium,6535.63,3278
380,42.55,40.93,2.2,-1.12,Low,9342.17,2943
381,29.45,16.95,1.5,-0.32,Medium,9658.53,2695
382,75.74,87.19,3.6,-1.68,Medium,5580.63,3888
383,70.32,63.37,4.0,-1.95,High,5075.42,4168
384,90.2,81.97,2.3,-1.1,High,3508.25,3091
385,78.81,83.92,3.6,-1.53,High,9629.85,3792
386,84.28,96.48,2.6,-1.9,Medium,2285.33,3740
387,42.56,49.48,3.9,-0.55,High,6218.47,3099
388,34.2,37.02,1.8,-1.78,Medium,3542.95,3135
389,80.05,83.02,4.6,-0.78,Medium,3511.07,3500
390,84.55,88.82,2.1,-1.44,High,4644.72,3694
391,99.24,103.03,2.5,-1.65,Low,9989.14,4072
392,53.01,54.42,1.2,-1.24,Low,1494.7,3045
393,49.76,50.28,1.4,-0.4,Low,6206.88,2504
394,82.11,81.8,3.1,-1.22,Medium,1743.15,3224
395,47.26,43.49,2.1,-0.5,Medium,2390.69,2844
396,94.46,93.06,4.3,-1.75,Medium,4956.07,4435
397,88.67,80.21,1.1,-0.45,High,5594.14,2364
398,54.32,53.83,2.5,-1.53,Medium,3329.13,3243
399,80.07,75.13,2.3,-0.65,High,3848.11,2600
400,80.36,74.84,1.1,-0.87,High,1782.7,2669
401,28.25,29.15,1.5,-0.14,Low,3728.98,2368
402,92.2,99.16,2.7,-1.23,Low,9699.03,3719
403,60.42,65.01,3.0,-1.87,Low,9502.37,3791
404,86.12,78.27,2.6,-1.96,High,4013.9,4208
405,45.6,40.65,3.1,-0.35,High,6137.69,2641
406,91.64,96.34,3.4,-0.95,High,9186.36,3539
407,51.14,46.23,1.0,-0.45,Medium,1055.65,2342
408,20.87,19.75,2.9,-1.53,High,8296.15,2574
409,92.43,95.18,4.9,-1.31,Low,9535.33,4036
410,27.3,22.46,3.1,-1.94,Low,1821.93,3327
411,45.55,46.08,3.7,-0.08,High,2453.03,3094
412,96.0,89.33,2.2,-0.66,High,9646.72,3203
413,96.05,93.04,4.1,-0.13,Low,5837.86,3253
414,65.88,67.48,4.1,-1.47,High,1127.77,3805
415,70.55,62.59,3.1,-0.78,Low,3318.69,3518
416,55.88,58.08,4.9,-0.64,Medium,5049.49,3748
417,43.46,43.36,1.5,-1.36,Low,7236.18,2544
418,46.29,49.05,1.1,-0.3,Medium,7598.44,2403
419,73.8,74.92,4.1,-0.11,High,9958.79,2918
420,80.19,87.01,4.2,-0.23,High,3587.6,2939
421,83.33,83.96,1.5,-0.52,Medium,5843.98,2831
422,83.17,81.02,2.1,-1.45,High,5799.91,3634
423,27.3,27.91,1.1,-1.44,Medium,4650.81,2466
424,59.55,62.27,2.2,-0.07,High,2522.46,2476
425,24.6,24.84,4.1,-1.98,Low,9797.11,3547
426,63.96,64.16,3.1,-0.57,High,8679.85,3021
427,55.32,51.81,2.4,-0.59,Low,5485.0,2931
428,91.02,87.71,2.5,-0.75,Low,6429.21,3127
429,48.07,41.06,1.0,-0.02,Medium,3045.35,2300
430,29.37,38.12,2.2,-1.38,High,5894.08,2603
431,31.44,25.22,3.6,-1.32,Medium,7254.73,3035
432,80.92,77.46,4.9,-1.84,High,5636.5,4448
433,69.46,65.87,4.4,-1.11,Low,9912.57,3395
434,28.09,32.56,1.1,-1.48,Low,6502.07,2469
435,26.73,25.26,4.6,-1.31,High,4338.76,3332
436,76.08,82.32,4.1,-0.33,High,7949.37,3097
437,25.82,22.45,4.1,-0.13,Medium,2534.16,3014
438,85.75,87.14,2.8,-1.63,High,4460.64,3837
439,76.5,72.32,2.6,-1.25,High,4122.63,3487
440,26.51,37.24,2.2,-0.14,High,4886.26,2342
441,26.79,20.85,1.3,-1.88,Medium,8036.02,2904
442,98.93,100.48,1.9,-1.82,High,5357.56,4418
443,49.94,53.11,2.0,-1.67,Low,8146.13,3330
444,49.65,51.72,2.9,-0.81,Medium,6188.4,3194
445,85.02,84.09,4.0,-1.7,Medium,4078.62,4251
446,95.78,95.13,2.9,-0.06,Low,8289.81,2798
447,98.88,99.1,1.2,-1.11,Low,3144.61,3352
448,80.27,79.53,4.8,-1.0,Low,3019.45,3557
449,50.1,54.92,4.8,-1.51,High,5540.53,3765
450,26.68,37.73,4.1,-1.06,Low,3347.64,2903
451,82.17,79.38,5.0,-0.68,High,1081.78,4026
452,64.67,57.82,3.2,-0.5,Medium,6834.68,2896
453,53.94,53.5,4.9,-0.49,Medium,5599.84,3373
454,92.51,105.41,1.3,-0.84,Low,5009.66,3034
455,28.9,24.88,2.5,-0.19,High,9702.72,2308
456,59.41,67.61,1.9,-0.37,Low,6140.79,2220
457,20.91,29.3,1.8,-0.49,Low,8770.88,2612
458,57.49,54.72,1.6,-1.89,High,2255.05,3716
459,24.5,27.34,3.5,-1.99,Low,6122.86,3040
460,29.51,37.65,4.1,-1.58,Medium,8811.82,2954
461,29.4,27.5,3.3,-0.67,Low,6247.95,2791
462,71.94,70.92,1.6,-1.18,High,7462.13,2981
463,79.68,76.77,4.2,-1.2,High,4348.39,3666
464,66.67,61.6,3.5,-0.23,Medium,1832.05,2975
465,96.97,93.72,2.6,-0.21,High,5121.1,2713
466,49.99,43.87,3.7,-0.18,High,4550.31,2664
467,42.86,43.03,2.0,-1.37,Medium,8803.54,3104
468,89.49,85.64,2.4,-0.62,Low,3195.96,3168
469,37.89,39.06,4.7,-1.46,Medium,9700.61,3425
470,97.06,89.28,2.2,-1.62,Low,9623.24,4039
471,20.97,22.62,2.9,-1.63,Medium,3228.68,3025
472,97.59,101.76,4.6,-1.32,Low,4132.47,4293
473,23.45,13.48,3.8,-1.14,Medium,9060.0,3035
474,91.29,93.16,1.2,-0.34,Low,9699.6,2836
475,62.22,68.36,1.6,-1.76,Medium,4990.95,3531
476,99.44,93.39,1.0,-0.53,Low,3888.97,2636
477,25.9,34.26,3.5,-0.94,Medium,5734.85,2854
478,64.31,66.41,2.8,-1.42,High,7189.92,3361
479,97.54,94.01,1.5,-1.01,Low,3461.27,3411
480,61.85,61.57,4.8,-1.4,Medium,7628.26,3701
481,70.35,73.14,3.1,-0.81,Low,1464.92,3104
482,75.66,76.04,2.0,-1.13,Low,1443.65,3466
483,56.36,59.05,3.0,-1.67,Medium,4476.59,3579
484,70.2,65.6,3.7,-1.77,Low,4181.26,4222
485,66.75,67.6,1.3,-0.91,Medium,3840.7,3027
486,92.09,85.02,2.1,-0.2,High,5419.18,2368
487,23.64,23.08,4.2,-1.31,Low,3886.6,3129
488,42.48,37.96,2.8,-0.53,High,2730.32,2983
489,96.03,92.35,3.2,-0.68,Low,3785.23,3048
490,91.22,97.4,2.7,-0.14,Low,9774.14,2751
491,56.45,61.91,1.2,-0.36,Low,4700.02,2435
492,69.61,72.66,1.7,-0.87,Medium,5002.41,2594
493,42.19,36.73,2.8,-0.69,High,6188.9,2875
494,35.05,33.47,1.8,-0.2,Low,9850.07,2262
495,57.1,63.17,1.2,-1.2,Medium,3174.41,2691
496,48.27,48.98,4.4,-1.35,Low,7131.54,3533
497,66.69,78.29,4.9,-1.98,Medium,7443.86,3914
498,26.22,28.19,4.2,-0.35,Low,6465.92,2796
499,97.95,98.91,4.4,-0.4,High,1797.21,3782
500,98.9,97.35,2.0,-1.79,High,7091.85,4300
501,75.85,76.52,4.8,-0.85,Low,1576.85,3428
502,62.89,62.13,1.8,-1.07,Medium,6365.28,3313
503,44.76,48.3,4.8,-1.76,Low,7656.23,3549
504,85.1,89.88,5.0,-0.04,Medium,2898.73,2923
505,74.78,70.85,3.8,-1.57,Low,8574.6,3704
506,33.01,26.35,4.9,-1.87,Medium,1273.18,3648
507,92.87,83.69,3.3,-0.81,High,8594.32,3685
508,85.8,88.34,2.0,-0.52,Low,5142.96,2646
509,95.98,90.46,2.7,-1.94,High,2958.29,3989
510,78.06,67.3,3.4,-0.68,High,2204.0,3429
511,69.07,71.01,1.3,-0.94,Low,9579.76,3220
512,53.46,65.92,3.5,-1.79,Low,1653.99,3257
513,94.62,94.59,4.9,-1.65,Medium,2791.84,4633
514,89.29,93.48,1.8,-0.86,Medium,4130.4,3173
515,23.62,24.03,4.2,-1.41,High,6582.11,3015
516,22.11,21.62,4.6,-0.12,Medium,5903.21,2667
517,50.12,54.72,4.8,-0.36,Medium,2130.79,3338
518,84.84,83.39,4.8,-0.03,Low,3607.55,3021
519,98.98,100.32,3.1,-1.48,Medium,3148.77,4135
520,32.03,33.64,4.9,-0.06,High,2921.89,2874
521,67.53,64.19,4.0,-1.14,Medium,4700.3,3409
522,50.47,55.43,1.6,-1.3,High,7336.28,2485
523,97.59,96.72,2.9,-1.9,Low,2957.08,4388
524,87.37,83.59,3.9,-1.89,High,4300.11,4719
525,87.07,89.75,2.0,-0.62,Medium,4518.26,2761
526,57.5,53.01,3.6,-1.08,Low,9788.11,3036
527,53.19,53.33,3.7,-1.55,Medium,9592.0,3651
528,41.87,41.82,1.7,-0.77,Low,8201.24,2786
529,24.51,29.94,3.3,-1.49,Low,3174.93,2908
530,89.18,91.55,4.1,-0.84,Medium,1612.34,3499
531,85.03,84.9,3.0,-1.28,Medium,3852.14,3741
532,99.98,104.07,1.0,-0.35,Low,3401.15,2518
533,99.73,106.68,1.0,-0.36,Low,5553.33,2759
534,64.43,67.22,2.4,-1.05,Medium,7999.55,3643
535,81.52,81.57,4.7,-1.3,High,8724.91,3657
536,95.58,89.02,1.9,-1.27,Medium,8603.78,3839
537,87.97,82.64,3.5,-0.39,Low,4237.08,3064
538,39.79,38.26,1.9,-1.34,Medium,7185.11,3190
539,56.04,52.99,2.3,-1.58,High,3815.51,3490
540,30.33,29.4,4.4,-1.83,Medium,1548.15,3447
541,96.32,96.6,3.9,-1.07,Low,7314.09,3962
542,68.49,71.14,1.4,-1.04,Medium,1088.45,2913
543,38.29,37.94,2.7,-0.32,Low,4682.64,2507
544,73.74,76.17,1.1,-1.56,Low,3964.41,3532
545,69.45,69.77,2.9,-1.24,Medium,7240.4,3272
546,48.65,38.77,3.6,-0.38,Low,7896.21,3033
547,29.08,24.38,1.5,-0.35,Low,3736.85,2407
548,73.73,73.01,2.2,-1.23,High,8304.64,2880
549,61.62,55.57,2.6,-1.08,High,3645.25,3070
550,81.79,84.79,4.7,-1.39,High,5016.94,4143
551,61.61,69.26,5.0,-0.13,High,7543.17,2998
552,88.17,94.26,1.2,-1.76,Low,7236.28,3282
553,64.15,63.08,4.0,-0.13,Medium,9886.32,3147
554,64.88,72.33,2.5,-0.63,Low,3026.45,2942
555,90.13,90.87,2.6,-0.94,Low,6960.86,3455
556,52.28,50.59,4.0,-1.93,Low,6487.14,3714
557,30.72,27.65,4.7,-1.05,Medium,9235.89,3368
558,22.3,20.79,4.8,-1.18,High,2407.26,3590
559,80.41,78.47,3.3,-1.68,Low,7766.18,3863
560,69.62,70.47,2.4,-0.69,Low,6114.42,3293
561,76.33,77.13,4.2,-0.06,High,3471.99,2965
562,37.04,37.06,2.0,-0.88,Low,5269.91,2552
563,30.91,33.09,3.3,-0.57,Medium,4003.99,3278
564,21.16,27.11,2.4,-1.86,Low,6213.82,2951
565,48.05,52.8,3.6,-1.16,Low,9001.01,3412
566,67.19,59.77,2.0,-1.77,High,6123.74,3535
567,51.38,38.61,1.8,-0.77,Low,6685.5,2596
568,55.0,59.67,4.7,-0.12,Low,5668.73,3039
569,92.33,85.5,1.4,-0.68,Medium,1460.49,3224
570,47.86,46.74,3.0,-1.85,High,3095.73,3423
571,61.12,55.27,1.9,-1.29,High,5428.02,3163
572,82.69,73.68,1.2,-0.9,Medium,3792.12,3275
573,51.72,54.43,1.1,-1.19,Low,2635.87,2775
574,69.77,73.57,1.7,-0.33,High,5537.2,2672
575,88.99,86.11,4.5,-0.37,High,3905.29,3404
576,95.96,83.0,2.1,-0.78,Low,3322.97,3129
577,31.77,29.04,4.8,-1.25,Low,5175.87,3419
578,94.13,96.09,3.3,-1.49,High,2199.56,4194
579,59.37,51.98,2.7,-1.79,Low,9349.71,3522
580,40.66,41.58,3.3,-1.29,High,8809.32,3347
581,56.73,56.65,3.1,-1.17,Low,7368.59,3174
582,98.4,101.3,4.0,-0.65,Low,1955.92,3304
583,59.41,60.01,2.1,-0.68,Medium,7982.9,2518
584,46.3,41.43,2.4,-1.86,Low,8271.62,3240
585,70.67,76.65,4.6,-1.21,Medium,7909.88,3612
586,39.21,38.42,4.8,-1.64,Low,2025.69,3522
587,26.07,25.93,4.6,-1.69,High,6795.17,3482
588,30.31,25.64,2.7,-0.35,High,8508.92,2300
589,30.24,28.02,4.1,-1.92,Low,6196.18,3005
590,32.15,27.73,2.9,-1.16,Low,6817.67,2803
591,31.11,30.25,3.0,-1.66,High,5125.27,3208
592,71.27,79.83,1.8,-0.24,Low,5758.37,2588
593,34.55,27.69,3.4,-0.89,Medium,1309.39,2834
594,47.65,39.58,1.7,-1.54,Medium,6750.67,3307
595,91.74,99.1,2.3,-1.0,Medium,1733.02,3245
596,57.92,56.87,4.4,-0.54,Medium,4915.13,3285
597,73.4,70.05,1.8,-0.08,Medium,3633.9,2346
598,33.79,38.99,1.3,-1.56,Low,5908.85,2613
599,35.38,32.35,1.3,-0.23,Low,2200.75,2220
600,23.27,32.4,4.8,-0.13,Medium,7224.79,3137
601,33.51,36.9,3.0,-0.17,Low,8155.1,2729
602,42.29,39.85,2.6,-0.73,Low,2470.19,3022
603,34.16,44.95,4.2,-0.74,Medium,1938.82,3164
604,27.1,24.07,4.3,-1.19,Low,2309.64,2860
605,29.65,33.36,2.3,-0.5,Low,8894.15,3031
606,56.86,58.36,3.8,-0.94,Low,5753.7,3369
607,36.51,43.02,4.1,-0.65,Medium,5205.35,3160
608,49.14,56.95,3.6,-1.14,Low,1960.41,3204
609,60.27,60.43,1.6,-0.54,High,6846.0,2868
610,75.23,71.46,4.5,-0.35,High,8812.0,2944
611,23.14,25.44,3.2,-1.71,Medium,8453.67,3157
612,83.95,80.56,2.1,-0.33,High,6634.49,2281
613,70.23,80.3,2.7,-0.92,Medium,1677.51,3321
614,26.54,27.22,1.2,-0.31,High,2011.57,2106
615,89.89,88.06,1.5,-1.14,High,1443.78,3380
616,93.67,94.59,4.1,-1.24,High,3317.31,4252
617,24.89,18.15,1.0,-0.17,Medium,2220.95,2406
618,42.15,37.29,2.7,-1.5,Medium,3340.43,3417
619,84.5,90.5,3.1,-0.31,Low,4465.52,3106
620,79.86,76.58,1.2,-1.03,Medium,9486.85,2957
621,34.76,29.53,4.9,-0.97,High,6493.38,3436
622,36.75,39.43,1.9,-1.38,High,8514.76,2542
623,49.64,55.57,2.2,-0.85,Medium,7393.16,2724
624,58.76,62.35,2.2,-1.35,Medium,2012.53,3511
625,69.46,74.44,1.9,-1.92,Medium,7623.28,3636
626,49.51,45.73,1.0,-1.46,Low,3475.89,2549
627,57.0,49.89,3.9,-1.99,High,6751.97,4317
628,79.8,87.31,4.9,-0.04,Low,4068.66,3124
629,22.93,21.32,1.9,-0.07,Low,9979.05,2548
630,40.19,38.94,3.7,-1.21,High,3371.96,3030
631,77.07,83.71,4.0,-0.54,High,3512.17,3272
632,91.62,94.4,4.4,-1.31,Medium,9376.05,4131
633,60.93,63.21,2.7,-0.66,Medium,1221.8,2777
634,62.57,73.4,2.2,-0.39,Low,7270.2,2650
635,28.57,25.35,2.3,-0.11,Medium,7527.94,2191
636,55.79,60.43,3.9,-1.2,Medium,8527.41,3380
637,62.61,62.9,4.3,-0.43,High,9769.95,3323
638,39.4,40.74,1.7,-1.47,High,9780.42,2769
639,41.54,49.18,2.5,-0.02,Medium,1587.49,2889
640,50.18,52.72,4.6,-1.95,High,8396.55,3611
641,21.61,24.3,4.2,-0.79,Medium,6816.79,2958
642,45.77,51.13,4.9,-0.68,High,6826.08,3159
643,36.92,35.1,4.0,-0.62,High,2155.15,2992
644,46.2,42.0,2.6,-1.76,High,6851.68,3607
645,29.58,24.36,3.4,-0.12,High,9842.34,2518
646,91.24,81.41,3.6,-1.64,Medium,9206.37,4126
647,67.49,77.77,1.3,-0.75,Low,4952.18,2897
648,74.33,68.81,3.2,-1.55,High,1359.53,3810
649,83.13,82.02,3.8,-1.39,Medium,4260.64,3950
650,59.88,58.5,1.7,-0.91,Medium,8437.51,2691
651,26.95,28.49,4.1,-1.17,High,7313.49,3120
652,62.97,67.05,3.3,-1.68,Low,5134.09,3944
653,66.95,71.25,4.8,-1.66,High,1495.91,3749
654,79.64,76.72,1.2,-1.16,Medium,4842.05,3024
655,54.53,53.69,2.1,-0.49,Low,5221.22,2324
656,30.21,31.62,3.4,-0.2,Medium,9357.0,2847
657,42.7,41.46,2.2,-1.83,High,6769.77,3466
658,49.05,57.09,3.9,-1.21,Low,3804.88,3336
659,71.67,74.12,4.0,-1.8,Medium,5727.86,3888
660,65.66,69.33,1.4,-1.97,Medium,1594.5,3378
661,48.49,51.8,3.1,-0.68,Medium,9753.11,2890
662,98.92,104.79,3.0,-0.8,High,4240.54,3331
663,68.46,69.37,2.5,-1.67,Low,5300.81,3825
664,38.98,32.5,4.7,-1.53,High,4197.56,3402
665,28.14,30.14,4.3,-1.95,High,7142.61,3495
666,32.23,28.97,3.8,-0.33,High,6960.09,2805
667,39.68,37.04,3.9,-0.05,Low,7437.9,2650
668,32.85,35.78,2.8,-1.73,High,3413.29,3062
669,34.93,41.12,4.7,-1.54,High,3841.02,3545
670,42.81,42.92,3.8,-0.26,High,2127.26,3054
671,33.87,35.41,3.9,-0.15,High,6899.59,2780
672,91.74,100.25,4.4,-1.16,Medium,1358.17,3703
673,26.42,27.62,2.1,-1.9,High,6379.14,3121
674,61.96,74.97,4.2,-1.92,Medium,8827.26,3849
675,52.83,55.66,1.8,-0.85,High,9017.49,2861
676,98.59,89.79,2.4,-1.21,Low,5041.34,3667
677,28.96,32.73,2.3,-1.94,Medium,5133.73,2990
678,51.83,53.74,4.9,-0.83,Medium,1692.72,3312
679,97.56,104.01,4.4,-1.98,Medium,7036.89,4935
680,89.24,92.61,3.8,-0.43,Medium,8391.33,2427
681,85.37,84.68,3.9,-1.39,Low,3201.9,4193
682,40.63,34.51,3.2,-1.92,High,4791.71,3237
683,33.67,32.62,4.8,-0.82,Medium,8549.55,3317
684,73.49,69.24,3.0,-1.2,Low,8894.08,3552
685,94.35,91.45,2.5,-0.05,Medium,3188.62,2802
686,64.54,67.48,1.7,-0.91,High,5955.14,2966
687,65.73,74.08,4.1,-1.45,Medium,2732.44,3607
688,42.4,44.37,3.9,-0.58,Low,1916.91,2704
689,81.56,75.58,2.5,-1.46,High,9200.08,3621
690,34.96,37.18,1.1,-0.19,Low,8384.57,1894
691,45.89,51.87,4.4,-1.25,High,7840.31,3327
692,54.03,50.98,1.0,-0.9,High,1438.9,2627
693,60.61,59.94,3.8,-1.9,High,8593.56,3773
694,39.39,39.46,4.9,-1.15,Medium,4942.4,3441
695,29.19,25.27,2.8,-0.34,Low,4081.56,2612
696,68.85,72.09,1.9,-0.39,Low,5918.29,2582
697,43.09,42.49,3.8,-1.55,Low,1822.18,2943
698,66.5,68.6,4.3,-1.55,High,7809.82,3631
699,32.35,27.91,3.2,-0.37,Medium,6241.92,2888
700,58.49,56.3,4.9,-0.14,High,2679.31,3222
701,62.61,66.22,1.2,-1.81,Low,2694.09,3005
702,24.15,22.29,3.0,-1.1,Medium,2658.24,2702
703,46.93,55.56,3.9,-1.33,Medium,1513.02,3618
704,30.75,28.75,4.5,-0.26,Medium,6290.19,2836
705,25.07,26.19,1.7,-1.83,Low,8563.13,2776
706,99.2,103.86,4.2,-1.58,Medium,1157.48,4695
707,45.79,38.7,3.2,-0.5,Medium,1441.04,2796
708,84.79,75.99,2.6,-1.9,High,6154.93,4030
709,40.37,32.74,1.5,-1.01,High,8375.46,2676
710,74.52,80.83,4.5,-1.12,Medium,3940.65,4105
711,80.82,78.06,1.6,-1.33,Medium,4146.53,3484
712,67.65,80.44,2.2,-1.21,High,6367.12,3262
713,57.73,54.91,2.2,-0.94,High,3467.92,2877
714,52.95,53.87,4.5,-1.68,High,1239.48,3897
715,47.91,55.62,3.7,-0.86,Low,7617.06,3283
716,94.36,104.39,4.2,-0.39,Low,6630.85,2993
717,86.45,96.76,2.0,-0.48,High,6226.8,2952
718,97.2,103.24,3.5,-1.69,Medium,7675.16,4312
719,29.94,35.06,3.3,-1.7,High,7077.08,3173
720,78.47,81.43,4.3,-1.46,Low,2852.94,3828
721,95.07,98.96,4.6,-1.28,Medium,4172.33,4056
722,34.5,31.74,1.0,-1.18,Low,2134.99,2401
723,25.32,21.23,3.7,-0.64,Medium,2168.71,2686
724,79.29,79.27,1.2,-1.89,Low,7085.76,3813
725,65.96,65.11,3.2,-1.93,Medium,8727.4,3842
726,87.35,85.08,2.2,-1.22,Medium,9664.59,3245
727,31.18,34.66,2.2,-0.61,Medium,6655.12,3065
728,83.62,88.4,2.4,-1.61,Medium,2656.91,3601
729,36.13,36.57,3.5,-0.72,Low,1950.85,3178
730,33.09,40.48,2.3,-1.48,Low,8315.66,2654
731,33.14,27.43,3.9,-0.23,Medium,6208.81,2947
732,85.17,84.2,2.6,-0.21,Medium,6564.57,2648
733,73.22,69.64,1.3,-1.41,Low,8033.16,3166
734,61.85,52.52,4.1,-1.54,Medium,7329.5,3811
735,48.71,48.3,2.1,-1.18,Medium,8510.12,3007
736,90.18,89.57,2.7,-1.52,Medium,1505.93,3748
737,51.4,58.97,3.7,-0.66,High,7727.69,2907
738,85.33,88.48,2.3,-0.35,Medium,8657.67,2443
739,55.13,50.01,1.2,-0.65,High,3575.22,2659
740,50.16,59.43,2.5,-0.35,Medium,6764.03,2424
741,57.01,63.12,4.8,-1.21,Low,3827.46,3650
742,44.11,47.02,3.6,-1.69,High,9621.74,3583
743,79.81,78.68,3.7,-0.52,High,1300.81,3196
744,60.22,55.42,3.5,-1.28,Medium,6218.14,3326
745,38.58,36.72,1.8,-0.66,Medium,2498.53,2796
746,91.97,97.41,2.7,-1.46,High,7409.98,3801
747,50.71,60.13,4.0,-1.84,Low,2583.01,3466
748,63.48,71.2,1.4,-0.01,Low,3118.45,2229
749,92.52,90.08,2.1,-1.69,Medium,5449.34,4100
750,69.94,64.34,2.1,-0.02,Low,9233.51,2299
751,29.35,30.05,2.7,-0.05,Low,2905.43,2730
752,95.19,86.35,4.9,-0.41,Medium,2298.16,3216
753,70.22,71.84,1.3,-0.68,Low,7830.79,2610
754,46.79,46.05,3.1,-0.84,Medium,5505.58,2803
755,31.14,28.81,1.7,-0.27,High,9206.07,2560
756,83.52,75.55,4.9,-1.42,Medium,2319.53,4155
757,69.61,72.18,1.5,-1.06,High,6813.35,2841
758,62.68,60.02,2.6,-0.76,High,3095.91,2917
759,91.51,85.66,4.0,-1.18,Low,2410.84,3265
760,83.09,68.73,3.8,-1.15,Low,7150.86,3871
761,32.13,31.99,2.7,-1.34,Low,6343.16,2936
762,44.94,53.8,2.4,-0.87,Medium,7793.45,2389
763,39.88,48.19,2.6,-0.3,Low,3785.16,2348
764,79.52,77.23,2.1,-1.6,High,5031.74,3608
765,22.68,19.67,1.8,-0.13,Low,4649.25,2126
766,65.59,67.93,2.9,-0.62,Low,9856.81,3145
767,81.0,76.01,2.1,-0.35,Medium,3630.24,2787
768,90.14,91.65,2.1,-0.89,Medium,3653.36,3294
769,47.37,51.2,3.6,-0.44,High,4190.93,2407
770,85.7,91.83,4.9,-1.97,Medium,6081.35,4563
771,28.85,28.35,3.4,-0.36,Low,3270.9,2644
772,87.72,86.7,1.3,-1.92,Medium,9237.61,3753
773,30.2,25.81,1.3,-0.22,High,3391.17,2243
774,51.78,47.65,4.8,-0.02,Low,9062.34,2745
775,83.78,82.65,2.2,-1.41,High,1931.28,3664
776,31.99,33.83,1.4,-1.58,Medium,6909.06,2938
777,38.34,42.91,3.4,-0.47,Medium,9162.87,2996
778,77.78,73.76,3.5,-1.49,High,2518.74,3831
779,77.6,85.06,3.6,-0.27,Low,9714.94,3329
780,71.29,69.93,2.1,-1.79,Medium,5075.95,3924
781,75.52,75.41,1.1,-1.75,Medium,9511.44,3521
782,63.42,59.68,4.9,-0.04,Low,7091.38,2908
783,40.14,28.02,2.0,-0.65,Medium,3714.28,2928
784,47.66,52.08,3.7,-0.31,High,2694.72,3089
785,34.53,38.21,3.8,-1.35,Medium,3733.62,2944
786,92.68,91.27,3.4,-0.65,Medium,1837.16,3499
787,66.67,67.0,2.3,-0.81,Low,2294.81,2969
788,52.07,54.65,2.1,-0.79,High,1941.94,2659
789,56.96,49.15,3.4,-0.63,Low,4806.49,2643
790,95.78,93.13,4.5,-0.85,Medium,8160.21,3660
791,32.27,36.24,4.8,-1.14,Medium,2272.45,3325
792,66.9,60.63,1.4,-1.45,Low,2172.88,3567
793,60.47,61.94,1.6,-0.46,Low,6790.86,2789
794,68.92,62.14,4.8,-1.55,Low,2774.65,3911
795,21.45,23.78,3.9,-0.62,High,1878.49,2990
796,89.77,89.59,4.5,-1.53,Medium,2501.64,4438
797,94.57,86.49,1.8,-0.75,Low,9313.58,3086
798,65.21,71.03,3.4,-0.51,Medium,8393.24,2895
799,75.73,72.06,3.8,-1.56,High,4186.58,3834
800,93.8,89.75,3.7,-1.88,High,6902.39,4580
801,76.58,77.58,2.6,-1.74,High,5835.48,3935
802,32.2,37.94,1.1,-0.79,High,7094.12,2415
803,66.1,61.02,3.3,-0.3,Medium,7144.04,2334
804,68.54,68.85,2.0,-1.91,High,6658.61,3451
805,53.93,56.07,2.8,-0.53,High,3394.91,2969
806,78.92,82.39,4.8,-1.32,Low,1351.06,3575
807,94.75,95.63,2.6,-1.04,High,5100.1,3742
808,94.05,92.21,4.4,-0.14,Low,9018.76,3218
809,56.07,51.93,1.8,-1.34,High,6125.48,3119
810,29.06,29.49,3.7,-1.07,High,8491.52,3170
811,98.79,93.43,4.9,-1.97,Low,9924.62,5031
812,87.11,72.5,1.4,-1.84,High,2472.55,3859
813,29.97,32.15,1.0,-1.48,Medium,7226.0,2368
814,93.67,98.19,2.7,-1.94,Medium,7068.64,4550
815,89.59,77.78,1.4,-0.74,High,9819.6,3224
816,61.51,56.46,4.0,-1.15,Medium,9870.41,3265
817,67.3,70.4,4.7,-0.9,Low,7180.11,3263
818,51.92,62.21,2.7,-1.65,High,3192.53,3369
819,24.38,24.48,2.0,-1.41,High,8187.0,2618
820,46.82,43.18,2.7,-0.67,Low,1963.26,2882
821,84.23,83.32,3.9,-0.07,Low,8026.29,3080
822,20.37,27.24,1.0,-1.9,Low,9191.77,2137
823,46.68,43.45,3.4,-0.22,High,4445.5,3098
824,51.85,47.85,3.5,-0.85,Low,6675.72,3059
825,62.99,60.58,3.6,-0.87,Low,4871.28,3370
826,93.59,88.82,2.0,-1.0,Medium,4939.89,3459
827,47.71,48.32,3.9,-1.86,Medium,3793.34,3814
828,47.76,55.88,1.4,-1.82,High,7859.17,3161
829,79.0,80.62,1.8,-0.8,Medium,9425.59,3051
830,56.18,54.92,4.5,-1.32,Medium,9466.76,3699
831,37.97,36.51,4.0,-0.17,Low,2573.03,2738
832,56.2,48.38,1.1,-1.19,Low,8872.69,2537
833,31.27,35.69,2.0,-1.71,Medium,7636.88,2690
834,34.11,33.72,1.9,-0.57,Medium,3275.54,2553
835,59.87,58.97,2.1,-1.41,Medium,1605.56,3106
836,53.51,69.48,2.0,-0.95,High,3411.98,2751
837,93.19,94.68,1.3,-0.6,High,9209.87,3178
838,48.99,45.23,2.8,-0.2,High,6698.61,2829
839,66.45,64.32,3.9,-0.42,Medium,7489.49,3008
840,70.58,76.32,3.4,-0.65,Medium,3314.37,3273
841,21.05,21.62,3.7,-0.64,High,7474.49,2790
842,73.08,65.89,1.3,-0.11,High,1253.09,2362
843,34.24,38.84,4.8,-1.41,Medium,4377.89,3531
844,96.89,93.55,4.4,-2.0,Low,6640.78,4734
845,31.89,41.26,4.2,-1.46,High,2314.87,3168
846,53.17,58.57,4.3,-1.56,Medium,8407.03,3934
847,26.83,24.59,4.7,-0.68,Medium,3115.28,3245
848,99.75,106.16,3.2,-0.73,Low,6870.53,2917
849,60.18,60.52,1.8,-0.81,Medium,4646.77,2713
850,67.63,71.89,3.5,-1.97,Medium,6364.39,3876
851,25.37,27.79,4.0,-0.54,High,1967.05,2812
852,80.0,75.77,4.0,-1.35,High,1152.22,4052
853,36.79,33.57,3.1,-0.67,Low,9186.08,2870
854,91.84,96.99,1.3,-0.89,Low,3426.67,2799
855,36.41,34.74,2.5,-1.31,Medium,8377.09,2900
856,35.26,33.24,4.7,-1.73,High,9994.15,3658
857,22.92,18.14,3.3,-1.81,Low,2902.88,3030
858,57.77,59.89,3.2,-0.34,Low,3386.54,2707
859,65.19,75.5,2.1,-0.16,Low,6965.74,2590
860,25.26,19.92,2.5,-0.7,Medium,9689.04,3000
861,82.04,82.16,4.6,-1.79,High,9242.33,4480
862,56.26,63.32,3.7,-1.2,Low,5525.88,3675
863,61.95,61.55,4.1,-0.54,High,8155.99,3039
864,55.26,57.52,2.8,-0.44,Low,2221.71,2801
865,52.06,46.75,3.5,-1.76,Low,9796.94,3610
866,64.77,66.91,2.0,-2.0,High,9679.18,3719
867,32.42,31.48,3.8,-0.58,High,2473.56,3036
868,34.55,39.48,2.7,-1.29,High,3694.81,2801
869,88.94,94.88,2.8,-1.49,Medium,1901.39,4014
870,95.69,108.64,3.6,-1.97,Low,3445.46,4279
871,49.86,52.76,4.7,-0.92,Medium,8343.6,3131
872,41.66,43.29,1.3,-0.3,High,4404.84,2812
873,71.52,72.49,4.3,-0.08,Low,1795.57,2815
874,52.7,50.93,2.2,-0.87,Medium,4080.03,3044
875,22.03,23.72,2.8,-0.97,Low,9832.45,3113
876,32.49,31.01,1.1,-1.83,Medium,6667.15,2351
877,77.28,78.12,2.2,-0.9,High,4745.45,3360
878,72.71,79.3,3.0,-1.24,Medium,2498.85,3631
879,22.17,17.14,1.2,-0.79,Low,9875.59,2743
880,37.76,43.46,3.0,-1.22,Low,8387.64,2824
881,38.49,45.08,4.7,-1.52,Low,3533.3,3815
882,73.75,73.16,1.4,-1.81,Low,1630.62,3466
883,21.58,10.97,4.1,-1.37,High,1509.63,3326
884,28.33,25.29,2.6,-1.81,Medium,2083.4,3025
885,83.99,90.47,3.6,-1.65,High,6226.92,4259
886,34.28,34.17,2.0,-0.03,High,9358.87,2420
887,72.22,67.22,1.6,-1.11,High,5470.69,2753
888,39.05,36.53,1.6,-0.94,Low,8586.51,2062
889,27.96,32.16,1.3,-0.25,Low,5012.98,2371
890,39.45,42.18,1.7,-0.01,Low,7377.25,2291
891,77.78,76.59,3.7,-0.83,Medium,7586.85,3465
892,88.46,86.63,4.5,-0.38,Low,2565.67,3185
893,86.42,84.46,4.3,-1.35,Medium,4250.94,4430
894,51.77,47.16,3.7,-1.39,Low,6735.72,3505
895,73.45,81.53,1.4,-1.19,Low,1636.27,3064
896,36.4,34.79,2.2,-0.65,High,4253.86,2744
897,43.45,49.54,2.2,-0.64,High,5813.2,2632
898,91.71,99.32,2.0,-1.37,High,9966.02,3675
899,21.04,26.03,3.1,-1.73,Medium,5270.8,2740
900,26.84,24.68,3.1,-0.74,Medium,8344.51,2816
901,36.63,38.65,2.4,-1.74,Low,4888.61,3021
902,22.12,22.0,2.4,-0.84,Medium,8167.52,2441
903,34.51,29.99,4.3,-0.61,Low,6358.73,3465
904,66.64,68.26,4.2,-0.6,Medium,8979.36,3023
905,53.71,47.81,2.2,-0.49,Medium,4698.48,2704
906,91.41,97.35,4.7,-0.25,Medium,6438.74,3007
907,85.4,83.08,4.8,-1.0,High,6670.17,3873
908,47.35,48.36,2.3,-0.54,Medium,4756.45,2460
909,40.75,42.17,2.4,-0.76,High,2298.81,2957
910,50.38,49.09,3.0,-1.63,High,1842.03,3828
911,67.22,70.15,4.8,-1.95,Medium,1150.04,4102
912,41.45,39.08,4.5,-1.43,Low,8861.81,3736
913,69.93,74.29,1.4,-1.11,Low,3128.27,2979
914,52.75,46.02,2.6,-0.77,Low,2903.56,3227
915,64.16,64.79,3.2,-0.3,Medium,7624.32,3270
916,54.89,64.58,3.0,-1.61,Low,3880.15,3436
917,43.56,38.56,1.8,-1.75,High,5554.4,2818
918,95.88,92.49,4.4,-0.07,Low,2462.6,3136
919,81.09,83.66,3.7,-1.78,Medium,9637.71,4228
920,31.21,32.11,4.4,-1.04,Low,8664.23,3304
921,89.48,91.23,4.4,-0.83,High,8774.11,3554
922,58.99,61.44,4.0,-0.92,Medium,4660.96,3165
923,91.56,94.73,2.8,-1.83,Low,7861.25,4467
924,83.99,89.54,3.4,-1.89,Medium,2294.89,4331
925,54.02,56.07,1.6,-1.79,Medium,1077.57,2998
926,21.8,20.59,3.7,-0.83,Medium,1179.76,3058
927,41.49,44.85,1.7,-0.91,Low,6279.42,2814
928,63.33,72.83,3.8,-1.53,Medium,5098.55,3663
929,70.68,70.02,1.9,-0.72,Low,5662.14,3212
930,40.63,35.76,1.5,-0.36,High,1067.17,2322
931,31.15,36.69,1.7,-1.92,Low,4804.18,2904
932,86.79,86.19,1.0,-1.0,High,7462.61,3221
933,98.75,87.89,3.9,-0.62,Low,4984.24,3407
934,62.06,66.3,3.9,-1.5,Medium,7589.97,3434
935,33.73,31.05,3.1,-1.38,Low,3097.17,3122
936,41.78,41.33,1.6,-0.77,Medium,8318.28,2558
937,21.47,23.13,1.3,-0.2,High,6295.88,2474
938,93.14,94.09,1.1,-0.38,Low,2896.87,2604
939,29.42,32.97,1.7,-0.83,Medium,3130.48,2603
940,66.12,63.94,4.6,-0.54,High,6652.27,3067
941,41.92,44.49,2.0,-1.27,High,8469.46,2886
942,64.33,63.03,2.4,-0.72,Low,4740.65,3137
943,72.11,75.8,1.4,-1.07,High,3324.7,2896
944,86.38,89.46,1.9,-1.62,Medium,8803.1,3772
945,36.51,31.83,3.1,-0.6,High,7023.41,2651
946,20.88,26.31,3.4,-0.89,High,5032.77,2629
947,30.95,28.27,2.0,-1.28,Medium,5391.1,2779
948,92.0,96.04,1.2,-0.18,High,2838.31,2440
949,89.91,91.75,2.6,-1.96,High,6641.22,4681
950,67.79,76.98,1.9,-1.37,High,4228.68,3217
951,68.04,66.92,1.9,-1.89,High,9960.81,3655
952,73.2,71.45,4.8,-0.47,Medium,5321.65,3054
953,34.03,33.93,3.5,-0.6,High,5372.97,3026
954,93.15,91.63,3.2,-1.34,Medium,6092.67,3967
955,53.5,57.5,2.7,-0.65,High,9250.8,3185
956,50.65,42.57,2.7,-1.21,High,8207.36,3375
957,61.51,56.24,3.2,-0.49,High,5060.17,3011
958,23.76,18.42,3.8,-1.09,High,7468.29,2924
959,33.3,38.05,3.8,-1.18,Medium,6276.12,3193
960,79.04,87.59,1.7,-0.13,Medium,5431.3,2420
961,26.62,26.1,3.0,-1.5,Medium,2730.84,3189
962,68.25,67.41,2.6,-1.76,Low,5175.43,3886
963,39.63,39.98,4.5,-0.83,High,3212.37,3169
964,51.14,56.95,3.5,-0.06,High,9233.58,2438
965,43.1,38.46,3.1,-1.24,Medium,4018.66,3421
966,48.45,49.64,1.5,-1.88,Low,9570.38,3327
967,77.52,82.4,3.4,-1.32,High,5797.5,3639
968,43.77,46.28,1.5,-0.99,Medium,6683.9,2841
969,65.31,66.26,2.3,-1.68,High,5886.46,3572
970,58.08,63.09,1.6,-0.68,High,2164.43,2978
971,73.09,59.57,3.8,-0.0,Medium,4382.39,2374
972,94.95,98.34,1.8,-1.1,Medium,1892.32,3325
973,78.61,75.34,2.6,-1.29,High,6606.59,3853
974,37.2,28.05,4.6,-1.2,High,5021.87,3479
975,22.49,25.05,1.8,-1.77,Medium,8001.86,3112
976,40.98,47.85,3.0,-0.23,High,2984.23,2449
977,67.61,66.92,2.7,-1.17,High,2481.09,3545
978,24.11,28.87,1.1,-1.23,Medium,4656.99,2718
979,59.71,67.77,4.2,-0.68,High,9339.27,2909
980,67.75,74.32,1.3,-1.12,High,7393.8,2959
981,46.74,54.94,2.9,-0.7,Low,4770.31,2885
982,81.67,85.38,3.2,-1.88,Medium,5655.45,3851
983,28.53,28.91,3.5,-0.37,Low,1757.92,2750
984,26.01,18.0,3.8,-0.12,Low,9861.18,2965
985,78.26,77.03,2.0,-0.7,Low,6997.67,2869
986,59.64,55.42,1.0,-0.09,High,3568.64,2302
987,75.07,85.92,3.9,-1.7,High,6272.28,4106
988,54.79,53.91,3.1,-1.05,Low,1985.34,3192
989,39.71,40.33,4.3,-0.8,Low,9692.53,3036
990,85.53,88.29,4.3,-0.84,Low,2573.06,3710
991,83.95,84.17,4.4,-1.2,High,6832.27,3569
992,75.58,84.06,2.9,-1.32,Low,3209.09,3579
993,41.77,38.66,2.3,-1.75,Low,7458.05,3468
994,67.22,68.19,4.2,-1.22,Medium,7991.39,3570
995,48.88,45.17,2.8,-1.67,Medium,7060.78,3230
996,27.33,20.73,1.7,-0.53,High,6530.5,2629
997,93.39,90.33,4.4,-1.58,Medium,9032.22,4388
998,30.95,30.76,4.5,-1.88,Medium,1707.64,3630
999,96.02,93.87,2.9,-0.9,Medium,3978.23,3451
1000,55.68,52.22,1.3,-0.81,High,3234.59,2233
